task1.time,task1.npSTAT5,task2.npSTAT5,task3.npSTAT5
0.0,0.0,0.0,0.0
0.08,1.639598292466766e-06,4.775486768959482e-09,1.6394807453385214e-06
0.16,1.307577353309107e-05,3.7817645938214705e-08,1.3068356436437822e-05
0.24,4.4028555443754975e-05,1.271020452145106e-07,4.3945455272848996e-05
0.32,0.00010424710986303948,3.003520874078044e-07,0.00010378719542066712
0.4,0.00020369658001431138,5.850569348076828e-07,0.0002019674855477653
0.48,0.00035280625790795015,1.0084728910421225e-06,0.00034771749373423226
0.56,0.0005627725471703041,1.5976248192649626e-06,0.0005501252917365488
0.64,0.000845909678196281,2.379307718509353e-06,0.0008181353798213948
0.72,0.0012160411135162031,3.3800882598174634e-06,0.0011605480973140062
0.8,0.0016889256975737954,4.626306414853087e-06,0.0015860189291622877
0.88,0.002282711991927818,6.144077050006486e-06,0.0021030577093500823
0.96,0.0030184146186873575,7.959291494080212e-06,0.0027200277272963393
1.04,0.003920406459709028,1.0097619115712105e-05,0.003445144751318106
1.12,0.005016920435716544,1.258450891284368e-05,0.004286475968195051
1.2,0.006340554557154775,1.5445191059888446e-05,0.005251938846911777
1.28,0.00792877405037533,1.8704678509787003e-05,0.006349299935421861
1.36,0.009824403773911979,2.2387768582110716e-05,0.0075861735955253815
1.44,0.012076103987275206,2.6519044540326002e-05,0.008970020682168284
1.52,0.014738822825276563,3.1122877174257585e-05,0.010508147175704948
1.6,0.017874217919206657,3.622342637029483e-05,0.012207702773015285
1.68,0.021551039853154663,4.184464268556095e-05,0.014075679443755993
1.76,0.025845470039514734,4.801026892424614e-05,0.016118909961374647
1.84,0.03084140413845004,5.474384171015929e-05,0.018344066415316995
1.92,0.036630674120218754,6.206869305939257e-05,0.020757658707192463
2.0,0.043313200712248486,7.000795194836034e-05,0.023366033041519976
2.08,0.05099706703968038,7.85845458785088e-05,0.0261753704205652
2.16,0.0597985068397228,8.782120243923481e-05,0.02919168514942173
2.24,0.06984179938996193,9.774045086851151e-05,0.032420823355135346
2.32,0.08125906266633212,0.00010836462360898157,0.03586846152860443
2.4,0.0941899389421174,0.00011971585786066827,0.03954010509777499
2.48,0.10878116688568998,0.00013181609712643668,0.043441087039107075
2.56,0.125186033937077,0.0001446870927719249,0.04757656653228445
2.64,0.14356370466698734,0.00015835040553987897,0.051951527666403916
2.72,0.1640784229810797,0.00017282740712985909,0.05657077820498165
2.8000000000000003,0.18689858594467,0.00018813928166987043,0.06143894841524755
2.88,0.21219568701409072,0.00020430702730765235,0.06656048996884145
2.96,0.24014312813787442,0.00022135145765974132,0.07193967492001296
3.04,0.27091491831929054,0.00023929320338862754,0.07758059476754561
3.12,0.30468425458827164,0.00025815271365339445,0.08348715960755458
3.2,0.3416219694823783,0.00027795025765386564,0.08966309737812705
3.2800000000000002,0.38189488057336646,0.00029870592608961615,0.09611195321429548
3.36,0.4256640619499268,0.0003204396326651228,0.10283708890817711
3.44,0.47308303743167923,0.0003431711155558451,0.10984168248804045
3.52,0.5242959076492107,0.0003669199388693836,0.1171287277760666
3.6,0.5794354382944223,0.00039170549412269795,0.12470103432252233
3.68,0.6386211383681096,0.00041754700164789297,0.13256122730974523
3.7600000000000002,0.7019573511222684,0.00044446351209120525,0.14071174758121985
3.84,0.7695313927862272,0.0004724739077466133,0.1491548518208895
3.92,0.8414117738241355,0.0005015969040890376,0.15789261291564438
4.0,0.9176465460998968,0.0005318510510230542,0.16692692037570098
4.08,0.9982618220204745,0.0005632547344470287,0.17625948090089555
4.16,1.083260515066372,0.0005958261774278559,0.18589181911283195
4.24,1.1726213584172898,0.0006295834417671667,0.1958252784964237
4.32,1.2662982405077832,0.0006645444291234466,0.20606102238789684
4.4,1.364219931535963,0.0007007268825629181,0.21660003509436276
4.48,1.4662902725644784,0.0007381483876306292,0.22744312323076846
4.5600000000000005,1.5723887832794328,0.0007768263738774558,0.23859091719757064
4.64,1.6823718709555002,0.0008167781158810719,0.25004387275920087
4.72,1.7960738662184204,0.0008580207347376008,0.26180227272086654
4.8,1.9133096467112447,0.0009005711990348421,0.2738662289597444
4.88,2.033877131761894,0.0009444463262935176,0.28623568446064873
4.96,2.1575601028424063,0.0009896627838976704,0.2989104149398004
5.04,2.2841312203663313,0.0010362370904650772,0.3118900322073962
5.12,2.4133556664316504,0.0010841856167440845,0.32517398456319385
5.2,2.544994245845867,0.0011335245868850994,0.33876156237141813
5.28,2.678806677123185,0.0011842700793194643,0.3526518970392948
5.36,2.8145547851578794,0.0012364380278937004,0.3668439679234545
5.44,2.952005274664783,0.001290044222754717,0.38133660128407015
5.5200000000000005,3.090932070559951,0.001345104311294986,0.39612847685262315
5.6000000000000005,3.231118423906283,0.0014016337990803225,0.41121812790701956
5.68,3.372358523140006,0.0014596480505363343,0.426603947060505
5.76,3.5144583887765584,0.0015191622899713394,0.4422841872435424
5.84,3.657236698675068,0.0015801916019110276,0.4582569673651941
5.92,3.800525295350544,0.0016427509322887875,0.4745202735157195
6.0,3.944169081417756,0.001706855088316471,0.4910719649388116
6.08,4.088025772610691,0.0017725187398954846,0.5079097753026189
6.16,4.231965558987839,0.0018397564190219809,0.5250313187593522
6.24,4.375870626220336,0.0019085825211793237,0.5424340916049389
6.32,4.519634343091598,0.0019790113037859826,0.5601154779454944
6.4,4.663160594325701,0.002051056889379381,0.5780727521485417
6.48,4.806363039674298,0.002124733264000157,0.5963030838501898
6.5600000000000005,4.949164352710299,0.0022000542734005265,0.6148035411449498
6.640000000000001,5.091495431396971,0.0022770336324035943,0.6335710954908197
6.72,5.233294703182282,0.0023556849173420433,0.6526026246898318
6.8,5.374507437298446,0.0024360215610530816,0.6718949167803415
6.88,5.515085069164549,0.0025180568675256085,0.6914446760233393
6.96,5.654984648878913,0.002601803998666841,0.7112485251250514
7.04,5.79416831490656,0.002687275970419074,0.7313030082894055
7.12,5.93260254807244,0.002774485667904528,0.7516045983031763
7.2,6.070258158119311,0.002863445829840728,0.7721496998513503
7.28,6.20710906736101,0.002954169046147419,0.7929346505563046
7.36,6.343133151567069,0.0030466677711930403,0.8139557282296304
7.44,6.478310453063136,0.003140954307053902,0.835209154647731
7.5200000000000005,6.612624419880001,0.003237040802214589,0.8566910978901308
7.6000000000000005,6.7460602358799235,0.0033349392635832744,0.8783976773597111
7.68,6.878605616436031,0.0034346615369724985,0.9003249659196148
7.76,7.010249806177199,0.003536219307525817,0.9224689972864452
7.84,7.140983965660778,0.003639624111049277,0.9448257673278108
7.92,7.270800436209851,0.003744887310049874,0.9673912341608584
8.0,7.399693223446229,0.003852020097337346,0.9901613301587759
8.08,7.527657188563268,0.003961033505534002,1.0131319603225917
8.16,7.65468857268177,0.00407193837855637,1.0362990019281415
8.24,7.780784376148337,0.004184745379675595,1.059658316923469
8.32,7.905942586808014,0.004299464997176481,1.0832057506844466
8.4,8.030161889632577,0.004416107512162747,1.1069371315401357
8.48,8.15344168036389,0.00453468301193075,1.130848280239951
8.56,8.275781914638083,0.0046552013898336474,1.1549350124088456
8.64,8.39718311447314,0.004777672310496575,1.1791931362074881
8.72,8.517646247659055,0.004902105229047843,1.2036184590885428
8.8,8.637172725379854,0.0050285093835794655,1.228206794257618
8.88,8.755764349921513,0.005156893739592386,1.2529539563663143
8.96,8.873423249149496,0.005287267053619103,1.277855765084517
9.040000000000001,8.99015188780647,0.005419637842551197,1.3029080559801294
9.120000000000001,9.105952977604494,0.00555401437198124,1.3281066743338996
9.200000000000001,9.220829494038387,0.005690404613499628,1.3534474754694288
9.28,9.334784636573845,0.005828816183319399,1.37892633951465
9.36,9.44782182091656,0.005969256568651055,1.404539163864088
9.44,9.559944550442594,0.006111732920267758,1.4302818607233347
9.52,9.671156498094541,0.00625625210158201,1.4561503745571927
9.6,9.78146166752077,0.006402820494173371,1.4821406738680116
9.68,9.890863856206646,0.00655144430319702,1.5082487464610295
9.76,9.999366979653582,0.006702129427224433,1.5344706185851236
9.84,10.106975465231773,0.006854881398710769,1.5608023458750184
9.92,10.213693368149391,0.007009705374795746,1.5872400096579626
10.0,10.319524854641775,0.007166606052089908,1.6137797313317912
10.08,10.424474348981896,0.007325587912973956,1.6404176683840734
10.16,10.52854633001109,0.007486655001017514,1.6671500096819194
10.24,10.631745127957057,0.0076498109700122606,1.6939729843558244
10.32,10.734075215859773,0.007815059093433383,1.7208828638507487
10.4,10.835541222599215,0.007982402226402605,1.7478759556466363
10.48,10.936147648755961,0.008151842802736843,1.7749486076889232
10.56,11.035899069832265,0.008323382835352373,1.8020972150858257
10.64,11.134800121421755,0.008497023936850211,1.829318212828039
10.72,11.232855412674077,0.008672767444395333,1.8566080767069422
10.8,11.330069573445678,0.00885061403466681,1.883963333198143
10.88,11.426447253261491,0.009030564022408236,1.9113805517187368
10.96,11.52199309950659,0.009212617271106279,1.938856342948844
11.040000000000001,11.616711745253381,0.00939677341423248,1.9663873706007111
11.120000000000001,11.710607836459596,0.00958303154345655,1.9939703436429472
11.200000000000001,11.803686048390992,0.009771390195583846,2.021602012822927
11.28,11.895950997311726,0.009961847527924618,2.0492791832688693
11.36,11.987407305705172,0.010154401294476017,2.076998706949683
11.44,12.078059652342219,0.010349049178657657,2.1047574783091587
11.52,12.167912640238258,0.01054578794549674,2.132552446394454
11.6,12.256970882638912,0.01074461410680636,2.1603806078260224
11.68,12.345239003437568,0.010945523744868301,2.188239000200993
11.76,12.432721610082929,0.011148512786369162,2.2161247165981344
11.84,12.519423291537263,0.01135357669304323,2.2440349004416125
11.92,12.605348631260624,0.01156071033492328,2.271966744644619
12.0,12.690502202446702,0.011769908298677823,2.2999174910483857
12.08,12.774888562792526,0.011981164814139158,2.3278844027603522
12.16,12.858512257072109,0.012194474139230789,2.3558648297841325
12.24,12.941377816450947,0.012409829685354604,2.383856159279772
12.32,13.02348975513596,0.012627224699768838,2.4118558289594683
12.4,13.104852571033035,0.012846652096618633,2.439861314379786
12.48,13.185470752839706,0.013068104621832055,2.467870117849355
12.56,13.265348768549272,0.013291574721558489,2.495879831238681
12.64,13.344491066952733,0.013517054394665533,2.523888078475059
12.72,13.422902085031467,0.013744535438822172,2.5518925318490404
12.8,13.50058624756436,0.013974009386994236,2.5798908913558365
12.88,13.577547953757005,0.01420546766284695,2.60788090626781
12.96,13.653791589519217,0.014438901275563281,2.635860389834934
13.040000000000001,13.729321532181286,0.0146743010673649,2.663827191326204
13.120000000000001,13.80414213053768,0.014911657663239195,2.6917792051909877
13.200000000000001,13.878257718797027,0.015150961477380312,2.7197143546790774
13.280000000000001,13.95167261260092,0.015392202726319052,2.7476306209577044
13.36,14.02439110996742,0.015635371446434138,2.775526027443576
13.44,14.096417508081155,0.01588045749620761,2.803398638135483
13.52,14.167756061629287,0.01612745056941131,2.831246558795827
13.6,14.238411014816101,0.01637634007885202,2.8590679296892656
13.68,14.308386592460336,0.016627115427122953,2.8868609412560193
13.76,14.377687000293404,0.016879765828116934,2.914623821174658
13.84,14.446316454094559,0.017134280360787398,2.94235483720483
13.92,14.514279113300068,0.017390647910071277,2.9700522947989763
14.0,14.581579131853678,0.017648857190577596,2.997714534933776
14.08,14.64822064459403,0.01790889692394822,3.0253399430519337
14.16,14.714207767075951,0.01817075566790438,3.0529269399270302
14.24,14.779544616847604,0.01843442187745706,3.0804739836215154
14.32,14.844235267664173,0.0186998837217418,3.107979564815224
14.4,14.908283782737128,0.01896712946569438,3.1354422106487387
14.48,14.971694207176238,0.019236147232388666,3.162860487252863
14.56,15.034470567434354,0.019506925046543062,3.1902329935620517
14.64,15.096616875927033,0.019779450733031088,3.217558362682345
14.72,15.15813712151917,0.020053711929484536,3.2448352573860313
14.8,15.219035275652969,0.020329696479949356,3.2720623767658883
14.88,15.27931529152875,0.020607392039900144,3.2992384519290385
14.96,15.338981103738083,0.020886786202754155,3.3263622450854626
15.040000000000001,15.39803662759708,0.021167866506970542,3.353432549483411
15.120000000000001,15.456485760309358,0.021450620443149614,3.38044818885958
15.200000000000001,15.5143323802661,0.02173503496182482,3.4074080167927567
15.280000000000001,15.571580346981744,0.02202109699921283,3.4343109161777923
15.36,15.628233501134376,0.02230879411309795,3.4611557986332304
15.44,15.684295667050826,0.02259811345429731,3.4879416046770912
15.52,15.73977064824048,0.022889042132067963,3.514667303830682
15.6,15.794662229227589,0.023181567219821685,3.5413318903751256
15.68,15.848974176236299,0.02347567576083995,3.5679343861632513
15.76,15.90271023669354,0.0237713538827848,3.5944738391055084
15.84,15.955874143066472,0.024068588165738734,3.620949324305542
15.92,16.00846960671419,0.02436736574981307,3.6473599417531086
16.0,16.06050031932401,0.02466767330402016,3.673704814518941
16.080000000000002,16.11196995507974,0.024969497451734362,3.699983090520546
16.16,16.162882169659586,0.025272824773789403,3.7261939412049596
16.240000000000002,16.213240601733187,0.02557764181157568,3.752336563745002
16.32,16.263048870902644,0.025883934294663912,3.778410175539379
16.4,16.312310577633053,0.02619168858476303,3.8044140162545506
16.48,16.36102930460029,0.026500891156430013,3.8303473475528196
16.56,16.40920861619466,0.026811528197941834,3.8562094524664783
16.64,16.456852058131847,0.027123585841504493,3.881999638409218
16.72,16.50396315795204,0.027437050164404595,3.907717228451655
16.8,16.550545425279463,0.027751907190160716,3.9333615672148556
16.88,16.596602351309716,0.02806814264396375,3.958932018707364
16.96,16.642137409016197,0.028385742470100873,3.984427967152313
17.04,16.687154053099253,0.02870469252409702,4.009848817712351
17.12,16.731655720065614,0.029024978564396293,4.035193989570472
17.2,16.77564582833227,0.02934658629277344,4.060462921385737
17.28,16.819127778120237,0.02966950135496389,4.085655069167667
17.36,16.86210495151369,0.029993709341294035,4.110769908535189
17.44,16.904580713269837,0.03031919591875683,4.135806931482735
17.52,16.94655841044708,0.030645946530726904,4.16076564390006
17.6,16.988041370826277,0.03097394662235269,4.185645568865129
17.68,17.029032904837923,0.03130318159734017,4.210446244971794
17.76,17.069536305001034,0.03163363681114628,4.235167230040939
17.84,17.109554846721675,0.031965297571849044,4.259808093218953
17.92,17.149091788312163,0.03229814914370188,4.284368418430116
18.0,17.18815036866076,0.03263217684491976,4.308847804379183
18.080000000000002,17.226733809736572,0.032967365806240816,4.333245863908496
18.16,17.26484531589483,0.03330370117346294,4.357562227779114
18.240000000000002,17.302488074183444,0.03364116805213169,4.381796534607655
18.32,17.33966525455385,0.03397975150858588,4.405948438034279
18.400000000000002,17.376380008710953,0.03431943657100303,4.430017604397463
18.48,17.412635471298355,0.034660208227676514,4.454003713607786
18.56,17.448434759614887,0.03500205141183349,4.477906459948198
18.64,17.48378097369202,0.03534495105203278,4.501725545683445
18.72,17.51867719638915,0.03568889202974238,4.525460686281837
18.8,17.553126493236423,0.036033859192825306,4.549111608528756
18.88,17.587131912664123,0.03637983735654307,4.572678052497348
18.96,17.620696485998142,0.036726811304558966,4.5961597688951175
19.04,17.653823227596607,0.0370747657908034,4.619556517004906
19.12,17.68651513516898,0.03742368554196657,4.642868067550195
19.2,17.718775188952563,0.03777355525167232,4.666094201341205
19.28,17.75060635250544,0.03812435958801166,4.689234712382038
19.36,17.78201157255096,0.03847608319261008,4.712289401435619
19.44,17.812993779155427,0.038828710681638186,4.735258078896913
19.52,17.84355588649849,0.03918222664682232,4.758140564865618
19.6,17.87370079095709,0.039536615688490734,4.780936688882233
19.68,17.90343137277542,0.03989186241932564,4.803646295812201
19.76,17.932750495682257,0.040247951337617355,4.826269229901304
19.84,17.96166100701385,0.04060486696752107,4.848805347105775
19.92,17.99016573854733,0.04096259381673528,4.871254511433884
20.0,18.018267504653508,0.04132111637769446,4.89361659467287
20.080000000000002,18.04596910387152,0.04168041912876125,4.915891476115853
20.16,18.073273318564702,0.04204048658860918,4.938079042288762
20.240000000000002,18.100182915018884,0.042401303275008725,4.960179203705408
20.32,18.126700644861423,0.04276285360647417,4.982191862763932
20.400000000000002,18.15282924181717,0.04312512204224338,5.00411692476952
20.48,18.178571424410368,0.04348809303709885,5.025954306922709
20.56,18.2039298953116,0.04385175104278493,5.047703932841904
20.64,18.22890734139668,0.04421608050942531,5.069365732314157
20.72,18.253506433805576,0.044581065923780416,5.090939641045926
20.8,18.277729828001295,0.044946691760966405,5.112425611887952
20.88,18.301580165102422,0.04531294246568106,5.13382361633891
20.96,18.32506007174682,0.045679802509710044,5.155133595195826
21.04,18.348172155609852,0.0460472563723113,5.176355511863465
21.12,18.370919010664863,0.04641528854175503,5.197489335308713
21.2,18.39330321558008,0.0467838835168638,5.218535039861907
21.28,18.41532733378084,0.04715302581549019,5.2394926050181505
21.36,18.436993913511913,0.04752269996407597,5.260362015238645
21.44,18.458305487899757,0.04789289050168183,5.28114329375857
21.52,18.479264574208926,0.048263581986920684,5.301836421184749
21.6,18.49987367541923,0.048634758996968515,5.322441400187918
21.68,18.52013527977481,0.04900640612912343,5.342958239282218
21.76,18.54005186035714,0.04937850800236443,5.363386951766846
21.84,18.5596258754158,0.04975104925413621,5.3837275555732464
21.92,18.57885976842938,0.050124014551467325,5.403980073112309
22.0,18.597755968166403,0.05049738858765921,5.4241445420101755
22.080000000000002,18.616316888850395,0.05087115608272827,5.4442209982808105
22.16,18.63454493506212,0.051245301785986366,5.464209474194511
22.240000000000002,18.652442489492948,0.05161981047758875,5.484110011929859
22.32,18.670011923418734,0.05199466697008215,5.503922657837353
22.400000000000002,18.687255593810367,0.052369856106260895,5.52364746231291
22.48,18.704175843400467,0.05274536276888142,5.543284479671404
22.56,18.720775000750116,0.05312117187658354,5.562833770086961
22.64,18.737055380315546,0.05349726838610546,5.582295403919823
22.72,18.7530192838677,0.0538736372941973,5.601669442657399
22.8,18.7686690004282,0.05425026363916188,5.620955956827282
22.88,18.784006801263626,0.05462713250239572,5.640155020493968
22.96,18.799034945743024,0.05500422899482879,5.659266711147127
23.04,18.81375567955246,0.05538153829436374,5.678291109589883
23.12,18.828171234766746,0.055759045618400394,5.69722829982709
23.2,18.842283829921115,0.056136736233043646,5.716078378289226
23.28,18.856095670082947,0.05651459545476882,5.7348414331651165
23.36,18.86960894572346,0.05689260865193723,5.753517557862607
23.44,18.882825835017872,0.057270761243441645,5.772106850030461
23.52,18.89574850322267,0.05764903866961135,5.790609410219759
23.6,18.908379101957834,0.058027426477916554,5.8090253417869135
23.68,18.920719769695996,0.05840591025232772,5.827354750796673
23.76,18.932772631832023,0.05878447563522146,5.845597751299131
23.84,18.94453980075265,0.05916310832882938,5.863754459862699
23.92,18.95602337589248,0.0595417940966868,5.8818249875306945
24.0,18.96722544280182,0.05992051874617413,5.8998094523318665
24.080000000000002,18.9781480757311,0.06029926807945364,5.9177079748046415
24.16,18.98879333558162,0.06067802810003263,5.935520677916752
24.240000000000002,18.999163270574243,0.06105678481949529,5.9532476869848745
24.32,19.009259916317838,0.06143552431727964,5.970889130524985
24.400000000000002,19.019085295877684,0.06181423274216535,5.988445148031168
24.48,19.028641419843918,0.06219289631376177,6.005915867117603
24.560000000000002,19.037930287079362,0.06257150132399579,6.0233014233995235
24.64,19.04695388478746,0.06295003413859986,6.040601954678461
24.72,19.055714185873114,0.06332848119859981,6.057817600876073
24.8,19.064213152053327,0.0637068290218029,6.074948503967971
24.88,19.07245273295768,0.06408506385852072,6.0919948079175406
24.96,19.080434866199347,0.06446317251157666,6.108956663716503
25.04,19.08816147744613,0.06484114175430593,6.125834219317999
25.12,19.095634480491395,0.0652189583895612,6.142627623959983
25.2,19.102855776990406,0.06559660930102923,6.159337030150664
25.28,19.109827257144346,0.06597408145460679,6.175962592223069
25.36,19.11655079959875,0.06635136189977679,6.1925044662784865
25.44,19.12302827127657,0.06672843777098414,6.208962810129894
25.52,19.129261527570637,0.06710529628901192,6.225337784876509
25.6,19.13525241241407,0.06748192476235723,6.241629554631099
25.68,19.14100275835068,0.0678583102854363,6.257838280607162
25.76,19.14651438657683,0.06823444015723269,6.273964127751372
25.84,19.151789102241185,0.0686103021546396,6.290007262556464
25.92,19.156828706347518,0.06898588389534135,6.305967853011522
26.0,19.16163498589627,0.0693611730860931,6.321846068552261
26.080000000000002,19.166209716756583,0.06973615752386504,6.337642080011309
26.16,19.170554663731288,0.07011082509698682,6.353356064461466
26.240000000000002,19.174671580621897,0.07048516378629173,6.368988193303311
26.32,19.178562210293588,0.07085916166626108,6.384538641989182
26.400000000000002,19.182228283789026,0.07123280690616844,6.400007587304176
26.48,19.185671520297902,0.07160608767748486,6.415395207294912
26.560000000000002,19.188893631248778,0.07197899175929352,6.430701681226178
26.64,19.19189631591735,0.0723515079867336,6.445927189537613
26.72,19.194681262902257,0.07272362486130862,6.461071916510296
26.8,19.197250150186296,0.07309533097905663,6.476136045818521
26.88,19.199604645197752,0.07346661503143267,6.491119760615629
26.96,19.201746404871635,0.07383746580619142,6.506023246409458
27.04,19.203677076185308,0.07420787218826984,6.520846689774217
27.12,19.205398295363523,0.07457782316066972,6.535590278313373
27.2,19.20691168815356,0.07494730780534035,6.550254200622556
27.28,19.208218870249347,0.07531631530406115,6.564838647084696
27.36,19.209321447173387,0.07568483443576252,6.579343811108529
27.44,19.210221014338913,0.07605285473327242,6.593769882728296
27.52,19.21091915711198,0.07642036573462993,6.608117054783659
27.6,19.211417450873647,0.0767873569741709,6.622385521010561
27.68,19.211717461710773,0.07715381808498221,6.636575476009399
27.76,19.211820744935107,0.07751973879955049,6.650687115213185
27.84,19.2117288464339,0.07788510895041115,6.664720634855735
27.92,19.211443302370807,0.07824991847079722,6.678676234580946
28.0,19.210965639248005,0.07861415739528836,6.692554111472076
28.080000000000002,19.210297373968984,0.07897781586045959,6.706354464161357
28.16,19.209440013901418,0.07934088388739303,6.720077492301891
28.240000000000002,19.208395056135917,0.07970335162762104,6.733723396259182
28.32,19.207163987382394,0.0800652097027533,6.747292377083321
28.400000000000002,19.205748287647783,0.08042644861975905,6.7607846364811675
28.48,19.20414942635505,0.08078705898640885,6.774200377891732
28.560000000000002,19.202368863648314,0.08114703151173162,6.78753980519831
28.64,19.20040805045246,0.08150635700647196,6.800803121453644
28.72,19.19826842853272,0.08186502638354719,6.813990531120828
28.8,19.195951430554306,0.08222303065850464,6.827102239236063
28.88,19.193458477595655,0.08258036094997884,6.840138451384056
28.96,19.190790983735464,0.08293700843900736,6.853099373673414
29.04,19.187950355133793,0.08329296404590542,6.8659852129503465
29.12,19.18493798800185,0.0836482194552417,6.878796178216659
29.2,19.181755269664347,0.08400276616513828,6.891532476160063
29.28,19.178403578614432,0.08435659577524621,6.904194315088543
29.36,19.174884284568563,0.08470969998703416,6.916781903759908
29.44,19.171198748521434,0.08506207060407704,6.929295451360089
29.52,19.167348320757654,0.08541369953234457,6.941735167481434
29.6,19.1633343458966,0.08576457878048986,6.954101262101011
29.68,19.159158158821082,0.08611470046013808,6.966393948406722
29.76,19.154821085854863,0.08646405678617494,6.97861343668474
29.84,19.150324444832215,0.08681263973395419,6.990759937566988
29.92,19.145669545150497,0.08716044179433842,7.002833662703654
30.0,19.140857687822766,0.08750745554842403,7.014834824038014
30.080000000000002,19.1358901654679,0.08785367358659799,7.026763633783495
30.16,19.1307682623432,0.08819908859994649,7.038620304400731
30.240000000000002,19.125493254695208,0.08854369338037273,7.05040504857462
30.32,19.120066410491376,0.0888874808207148,7.062118079191392
30.400000000000002,19.11448898957327,0.0892304439148636,7.073759609315656
30.48,19.108762243708913,0.08957257575788061,7.085329852167465
30.560000000000002,19.102887416645125,0.08991386954611578,7.096829025583367
30.64,19.096865744159878,0.09025431840222387,7.10825734909927
30.72,19.090698446603238,0.09059391551737918,7.119615031044117
30.8,19.08438674301344,0.09093265456586493,7.130902285959837
30.88,19.07793184780517,0.09127052911067868,7.14211932850884
30.96,19.07133496436047,0.09160753281268869,7.153266373453447
31.04,19.064597288301478,0.09194365943057853,7.16434363563532
31.12,19.05772000754582,0.0922789028207914,7.17535132995489
31.2,19.050704302361968,0.09261325693747464,7.186289671350788
31.28,19.04355134542457,0.09294671583242403,7.19715887477927
31.36,19.03626230186986,0.09327927365502839,7.207959155193657
31.44,19.02883832935097,0.09361092463209161,7.218690727523748
31.52,19.021280578093336,0.09394166271426894,7.229353826504939
31.6,19.013590190169285,0.09427148258417108,7.239948654512526
31.68,19.005768258398874,0.09460037874730973,7.250475427516708
31.76,18.997815938257585,0.0949283458030424,7.260934361579489
31.84,18.989734347949867,0.09525537844436435,7.271325672764018
31.92,18.98152459828252,0.09558147145770057,7.28164957711882
32.0,18.973187792712636,0.09590661972269778,7.291906290662039
32.08,18.96472502739553,0.09623081821201629,7.3020960293656705
32.160000000000004,18.95613739123267,0.09655406199112211,7.312219009139796
32.24,18.94742596591959,0.09687634621807885,7.322275445816829
32.32,18.938591825993853,0.0971976659305975,7.332265555135738
32.4,18.929636038882954,0.09751801649083904,7.342189562140937
32.480000000000004,18.920559664952265,0.09783739338111153,7.352047683535065
32.56,18.911363780101937,0.09815579210092419,7.361840130745431
32.64,18.902049457999514,0.0984732082386758,7.371567120116949
32.72,18.892617712774477,0.0987896374713327,7.3812288679264
32.8,18.88306958118272,0.09910507556410679,7.390825590370782
32.88,18.87340609353224,0.09941951837013352,7.400357503555633
32.96,18.863628273745267,0.09973296183014985,7.409824823483389
33.04,18.85373713942041,0.10004540197217218,7.419227766041703
33.12,18.84373370189475,0.10035683483856626,7.428566546991804
33.2,18.833618966305988,0.10066725651594008,7.4378413819568205
33.28,18.823393931654568,0.10097666338125985,7.447052488102052
33.36,18.813059590865798,0.1012850517897278,7.456200086497078
33.44,18.80261693085198,0.10159241818032132,7.465284388058872
33.52,18.79206693317066,0.10189875907538874,7.4743056083073895
33.6,18.781410572733144,0.10220407108024515,7.483263962619007
33.68,18.770648818680602,0.10250835088276813,7.492159666216976
33.76,18.759782634549076,0.10281159525299383,7.5009929341618795
33.84,18.748812978177085,0.1031138010427125,7.509763981342088
33.92,18.737740801767938,0.10341496518359085,7.518473022464203
34.0,18.726567051952042,0.103715084505309,7.527120272043514
34.08,18.715292669849223,0.10401415621301476,7.53570594439445
34.160000000000004,18.703918591131043,0.10431217746674631,7.5442302536210395
34.24,18.692445746083095,0.10460914550475475,7.552693417244957
34.32,18.680875059667326,0.1049050576430328,7.561095647416553
34.4,18.669207429183487,0.10519991127484382,7.56943715727967
34.480000000000004,18.657443612201504,0.10549370387025063,7.577718160313117
34.56,18.64558462662078,0.10578643297564436,7.585938869765778
34.64,18.633631364484632,0.10607809621327327,7.594099498648166
34.72,18.621584711698056,0.10636869128077175,7.60220025972399
34.800000000000004,18.609445548045713,0.10665821585217183,7.610241365501694
34.88,18.597214747209893,0.10694666777133716,7.618223028226026
34.96,18.584893176788466,0.10723404498861144,7.626145459869579
35.04,18.57248169831284,0.1075203454850703,7.634008872124357
35.12,18.55998116726592,0.10780556731348638,7.64181348059725
35.2,18.54739243310007,0.10808970859780115,7.64955949919374
35.28,18.534716339255095,0.1083727675325967,7.657247134895246
35.36,18.521953725809457,0.1086547423825675,7.664876598570427
35.44,18.509105425614834,0.10893563148199226,7.67244810077939
35.52,18.496172262371307,0.10921543323420563,7.679961851764713
35.6,18.48315505601938,0.10949414608035944,7.687418061442453
35.68,18.470054620610306,0.10977176849584874,7.694816939393161
35.76,18.456871764325335,0.11004829913512496,7.702158694852895
35.84,18.443607289495,0.11032373666330553,7.709443536704242
35.92,18.43026199261834,0.11059807981099311,7.716671673467323
36.0,18.416836664382217,0.11087132737370693,7.723843313290804
36.08,18.40333208968051,0.11114347821131432,7.7309586639429275
36.160000000000004,18.38974904763344,0.11141453124746191,7.738017932802507
36.24,18.376088311606786,0.11168448546900717,7.745021326849954
36.32,18.36235073425253,0.11195333992544963,7.751969052658285
36.4,18.34853703721132,0.11222109372836246,7.758861316384139
36.480000000000004,18.334647972849773,0.1124877460002376,7.765698328445844
36.56,18.320684298412623,0.11275329600286027,7.772480322816683
36.64,18.306646766080625,0.11301774302808691,7.779207480281132
36.72,18.292536123012557,0.11328108642551166,7.7858800063458675
36.800000000000004,18.278353111387226,0.11354332560350988,7.792498106121342
36.88,18.26409846844545,0.11380446002865041,7.799061984314126
36.96,18.24977292653206,0.11406448922510802,7.80557184521926
37.04,18.235377213137898,0.11432341277407586,7.8120278927126
37.12,18.22091205094179,0.11458123031317773,7.818430330243174
37.2,18.206378160701288,0.11483794153588057,7.824779360825511
37.28,18.19177626404714,0.11509354618754034,7.8310751870320106
37.36,18.177107063053768,0.11534804407096058,7.837318010985271
37.44,18.162371262408712,0.11560143504490304,7.843508034350453
37.52,18.14756956227399,0.11585371901983599,7.849645458327618
37.6,18.132702658331112,0.11610489595908319,7.855730483644079
37.68,18.117771241826045,0.11635496587823434,7.861763310546746
37.76,18.10277599961422,0.1166039288445554,7.867744138794481
37.84,18.087717614205545,0.11685178497639878,7.87367316765043
37.92,18.072596763809358,0.11709853444261364,7.879550639027704
38.0,18.057414122379473,0.11734417746195604,7.885376729094981
38.08,18.042170359659128,0.11758871430697382,7.8911516287350265
38.160000000000004,18.026866116207646,0.11783214530699099,7.896875536771103
38.24,18.011502051161216,0.11807447081821133,7.9025486515914904
38.32,17.996078832145603,0.11831569125470243,7.908171171144397
38.4,17.980597109657843,0.11855580707765123,7.913743292932866
38.480000000000004,17.965057529953235,0.11879481879478113,7.9192652140097
38.56,17.94946073508046,0.1190327269597694,7.924737130972372
38.64,17.933807362916653,0.11926953217166428,7.930159239957932
38.72,17.918098047202516,0.11950523507430247,7.935531736637932
38.800000000000004,17.902333417577402,0.11973983635572627,7.94085481621333
38.88,17.88651409961442,0.11997333674760097,7.946128673409408
38.96,17.870640714855526,0.12020573705690406,7.951353502470686
39.04,17.854713880846628,0.12043703808520663,7.956529497155837
39.12,17.838734185579387,0.12066724069188194,7.961656850732597
39.2,17.822702254846423,0.12089634578035081,7.966735755972684
39.28,17.806618692994068,0.1211243542950471,7.971766424850246
39.36,17.790484100165177,0.12135126722084753,7.9767490563802275
39.44,17.774299072526045,0.12157708558250205,7.981683825504475
39.52,17.75806420229556,0.12180181044406381,7.98657092418983
39.6,17.741780077774358,0.12202544290831946,7.991410543958283
39.68,17.725447283373974,0.12224798411621907,7.99620287588395
39.76,17.709066399645994,0.12246943527487253,8.000948110590047
39.84,17.692638003311213,0.12268979760957546,8.00564643824587
39.92,17.67616266728879,0.12290907235855178,8.010298048563772
40.0,17.659640955481173,0.12312726081428049,8.014903130796133
40.08,17.643073425626653,0.12334436430501264,8.019461873732338
40.160000000000004,17.626460646170656,0.12356038419422098,8.02397446569576
40.24,17.60980317407073,0.1237753218800498,8.02844109454073
40.32,17.59310156253342,0.12398917879476475,8.032861947649515
40.4,17.57635636103968,0.12420195640420263,8.03723721192929
40.480000000000004,17.559568115370336,0.12441365620722124,8.041567073809121
40.56,17.542737367631524,0.12462427974909532,8.04585171923694
40.64,17.525864656280113,0.12483382864611992,8.050091336783327
40.72,17.508950516149167,0.12504230445731834,8.054286125064275
40.800000000000004,17.49199547847336,0.12524970881416048,8.058436256505177
40.88,17.475000070914433,0.12545604337900146,8.062541915649646
40.96,17.457964800626193,0.12566130984455856,8.06660328657971
41.04,17.440890191694816,0.12586550993338755,8.070620552913716
41.12,17.423776764904066,0.12606864539735965,8.074593897804263
41.2,17.40662503225906,0.12627071801713802,8.078523503936106
41.28,17.389435502174674,0.1264717296016545,8.082409553524085
41.36,17.372208679495387,0.12667168198758613,8.086252228311032
41.44,17.354945065515185,0.12687057711364574,8.0900517095657
41.52,17.33764515799744,0.12706841683974504,8.09380817808067
41.6,17.320309451194763,0.1272652030801594,8.097521814170275
41.68,17.30293843586892,0.12746093778490417,8.101192797668514
41.76,17.28553259931068,0.12765562292987062,8.104821307926976
41.84,17.268092424495663,0.12784926051633427,8.108407523812746
41.92,17.250618383568764,0.12804185257046335,8.111951623706341
42.0,17.23311095913135,0.128233401142827,8.115453785499602
42.08,17.21557062417816,0.12842390830790376,8.118914193973561
42.160000000000004,17.1979978482761,0.12861337616359003,8.122333021802769
42.24,17.18039309758188,0.12880180687503284,8.125710444570313
42.32,17.162756834859692,0.12898920260929256,8.129046638455481
42.4,17.145089519498857,0.12917556550494996,8.132341779154661
42.480000000000004,17.12739160753149,0.12936089775643514,8.13559604187969
42.56,17.109663551650165,0.12954520157991842,8.138809601356202
42.64,17.09190580122557,0.1297284792128522,8.141982631821977
42.72,17.074118802324175,0.12991073291351307,8.145115307025288
42.800000000000004,17.056303005002853,0.13009196496054384,8.148207800223249
42.88,17.03845885368664,0.13027217765249546,8.151260284180175
42.96,17.02058677893324,0.13045137330736895,8.154272931165917
43.04,17.002687214863435,0.13062955427589176,8.157245912954217
43.12,16.984760592481045,0.13080672298732832,8.160179400821056
43.2,16.96680733969442,0.1309828817673881,8.163073565543007
43.28,16.948827881337955,0.13115803301492407,8.165928577395574
43.36,16.930822639193586,0.13133217914673007,8.168744606151552
43.44,16.912792032012312,0.13150532259711692,8.171521826614141
43.52,16.894736475535684,0.13167746581748868,8.174260408698437
43.6,16.87665638251731,0.1318486112759188,8.176960516748721
43.68,16.858552162744388,0.13201876145672597,8.179622318830758
43.76,16.84042423469281,0.13218791886005068,8.18224598251927
43.84,16.82227299733842,0.13235608600143103,8.184831674896815
43.92,16.804098850805847,0.1325232654878527,8.187379562552676
44.0,16.785902194184164,0.1326894598392298,8.189889811581745
44.08,16.767683423788085,0.13285467160846778,8.1923625875834
44.160000000000004,16.74944293318271,0.13301890337669978,8.194798055660401
44.24,16.731181113208265,0.13318215773915107,8.19719638041777
44.32,16.712898352004874,0.13334443730474957,8.199557725961673
44.4,16.694595035037274,0.13350574469573664,8.201882255898314
44.480000000000004,16.676271545119562,0.13366608254727796,8.204170133332804
44.56,16.657928262439963,0.13382545350707395,8.206421520868059
44.64,16.639565561995383,0.1339838602349708,8.208636580603685
44.72,16.621183809390338,0.13414130544394545,8.210815474134852
44.800000000000004,16.602783384027067,0.13429779184894267,8.212958365166692
44.88,16.58436465496899,0.13445332211322825,8.215065422887845
44.96,16.565927988697826,0.13460789894936484,8.217136799404233
45.04,16.547473749135197,0.13476152508092196,8.21917265466347
45.12,16.52900229766426,0.13491420324212144,8.22117314812715
45.2,16.510513993151335,0.13506593617748322,8.223138438770365
45.28,16.49200919196752,0.1352167266414707,8.225068685081261
45.36,16.473488248010312,0.13536657739813646,8.226964045060566
45.44,16.454951512725238,0.13551549122076778,8.228824676221118
45.52,16.436399335127454,0.13566347090138134,8.230650735587405
45.6,16.417832047527206,0.13581051931089516,8.232442379695106
45.68,16.39924999140238,0.13595663919749856,8.234199764590624
45.76,16.380653515369808,0.13610183337550041,8.235923045830608
45.84,16.362042957220424,0.1362461046674546,8.237612378481511
45.92,16.343418652268415,0.1363894559038399,8.239267917119106
46.0,16.324780933366853,0.13653188992273999,8.240889815828034
46.08,16.306130130923332,0.1366734095695231,8.242478228201332
46.160000000000004,16.28746657291562,0.13681401769652202,8.24403330733997
46.24,16.268790584907304,0.13695371716271398,8.245555214460198
46.32,16.250102490063437,0.13709251083340043,8.247044096258065
46.4,16.231402609166164,0.13723040164769107,8.248500103752844
46.480000000000004,16.21269126063039,0.13736739246646287,8.249923388365579
46.56,16.19396875091675,0.13750348616279168,8.251314101040922
46.64,16.175235399439533,0.13763868563186507,8.252672392247156
46.72,16.156491517308133,0.13777299377436497,8.253998411976195
46.800000000000004,16.137737412938204,0.13790641349618074,8.255292309743613
46.88,16.118973392395755,0.1380389477081215,8.25655423458865
46.96,16.100199759410476,0.1381705993256291,8.25778433507423
47.04,16.081416815389094,0.13830137126849068,8.25898275928698
47.12,16.062624859428674,0.1384312664605515,8.260149654837232
47.2,16.04382418832997,0.13856028786225688,8.261285168859054
47.28,16.02501509661077,0.1386884384395416,8.262389448010252
47.36,16.00619787651919,0.13881572109669832,8.263462638472394
47.44,15.98737282033349,0.1389421387780436,8.264504885950817
47.52,15.96854021983101,0.13906769443123304,8.26551633567465
47.6,15.949700357144597,0.13919239100700495,8.266497135120689
47.68,15.930853516076361,0.1393162314589241,8.267447428755448
47.76,15.911999978270872,0.13943921874312554,8.268367358741756
47.84,15.893140023230266,0.13956135581805823,8.269257068550935
47.92,15.874273928329384,0.13968264564422886,8.270116701187295
48.0,15.855401968830845,0.1398030911890389,8.270946399188391
48.08,15.836524417900172,0.13992269548983502,8.271746304625282
48.160000000000004,15.817641546620903,0.1400414614664418,8.272516559102794
48.24,15.798753624009686,0.14015939209150002,8.273257303759777
48.32,15.77986091703141,0.1402764903390919,8.273968679269368
48.4,15.760963692959244,0.14039275918451422,8.27465082583925
48.480000000000004,15.742062214381416,0.14050820160405098,8.275303883211913
48.56,15.72315674158237,0.14062282057474657,8.275927990664908
48.64,15.704247533705114,0.14073661907417864,8.276523287011116
48.72,15.68533484793734,0.14084960008023104,8.277089910599003
48.800000000000004,15.666418939527349,0.14096176657086676,8.277627999312875
48.88,15.647500061799981,0.1410731215764801,8.278137690573152
48.96,15.62857846617251,0.14118366806743357,8.278619122020014
49.04,15.609654402170564,0.14129340901012502,8.279072431868016
49.120000000000005,15.590728117444051,0.14140234738702717,8.279497754465655
49.2,15.57179985778305,0.14151048618019796,8.27989522546495
49.28,15.552869866570836,0.1416178283710806,8.28026498006064
49.36,15.533938377927498,0.14172437694030432,8.280607152990582
49.44,15.515005637487313,0.14183013486748422,8.28092187853616
49.52,15.49607188319845,0.14193510513102192,8.281209290522693
49.6,15.47713735117702,0.1420392907079058,8.281469522319826
49.68,15.458202275720941,0.1421426945971749,8.28170270684194
49.76,15.43926688932379,0.1422453198060334,8.281908976548568
49.84,15.420331422688706,0.1423471692793057,8.282088463444776
49.92,15.401396104742233,0.142448245992127,8.28224129908159
50.0,15.382461162648204,0.14254855291780705,8.28236761455638
50.08,15.363526821821592,0.1426480930276559,8.282467540513277
50.160000000000004,15.3445933059424,0.14274686929080962,8.282541207143575
50.24,15.325660833289243,0.1428448846740561,8.282588744186132
50.32,15.30672962100147,0.1429421421416606,8.282610280927774
50.4,15.287799890923717,0.14303864465519164,8.282605949465458
50.480000000000004,15.268871859342005,0.14313439517546656,8.28257587596207
50.56,15.249945740823042,0.1432293967450133,8.282520188249691
50.64,15.23102174822604,0.14332365225776483,8.28243901391733
50.72,15.21210009271446,0.1434171646669471,8.282332480110497
50.800000000000004,15.193180983767814,0.14350993692239927,8.282200713531802
50.88,15.174264629193441,0.1436019719703929,8.282043840441506
50.96,15.155351235138296,0.1436932727534509,8.281861986658114
51.04,15.13644100610071,0.14378384221016688,8.281655277558952
51.120000000000005,15.117534144942192,0.14387368327502426,8.281423838080743
51.2,15.09863085189083,0.14396279887821548,8.281167792720177
51.28,15.079731326945426,0.14405119194546104,8.280887265534503
51.36,15.060835768239018,0.14413886539782889,8.280582380142093
51.44,15.04194437211777,0.14422582215155336,8.280253259723022
51.52,15.023057333342285,0.1443120651178545,8.279900027019659
51.6,15.004174845099113,0.1443975972027572,8.279522804337223
51.68,14.985297099012215,0.14448242130691027,8.279121713544374
51.76,14.966424285154472,0.1445665405247444,8.278696878053985
51.84,14.947556592059161,0.1446499578516026,8.27824841876089
51.92,14.928694206731452,0.14473267599694167,8.277776455219518
52.0,14.90983731465989,0.1448146978550603,8.277281107658007
52.08,14.890986099932825,0.14489602631507065,8.276762495877009
52.160000000000004,14.8721407455134,0.1449766642607426,8.276220739250457
52.24,14.853301432068719,0.1450566145703478,8.275655956726286
52.32,14.834468339176695,0.14513588011650386,8.2750682668272
52.4,14.81564164495983,0.14521446376601868,8.27445778765139
52.480000000000004,14.796821526096828,0.14529236837973453,8.273824636873302
52.56,14.778008157834249,0.14536959681237224,8.273168931744365
52.64,14.759201713998143,0.14544615191237545,8.272490789093741
52.72,14.74040236700568,0.14552203652175472,8.27179032532907
52.800000000000004,14.721610287876791,0.14559725347593178,8.271067656437207
52.88,14.702825646245794,0.1456718056035837,8.270322897984974
52.96,14.684048610373054,0.14574569572648702,8.269556165119905
53.04,14.665279345031975,0.14581892700797242,8.268767572570976
53.120000000000005,14.646518015129443,0.14589150203191928,8.267957235278764
53.2,14.627764786028477,0.14596342358799863,8.267125268362902
53.28,14.609019820339926,0.14603469448316153,8.266271784025365
53.36,14.590283279334537,0.1461053175176441,8.265396895396018
53.44,14.57155532295366,0.14617529548483968,8.264500715194137
53.52,14.55283610981994,0.14624463117117023,8.263583355729265
53.6,14.534125797248013,0.14631332735595845,8.262644928902086
53.68,14.51542454125521,0.14638138681129922,8.261685546205264
53.76,14.49673249657223,0.1464488123019316,8.260705318724314
53.84,14.478049816653852,0.14651560658511043,8.25970435713846
53.92,14.459376653689626,0.1465817724104782,8.258682771721489
54.0,14.440713152423287,0.14664731251993685,8.257640672342614
54.08,14.42205946596116,0.14671222964751926,8.256578168467325
54.160000000000004,14.403415742731289,0.14677652651926137,8.255495369158263
54.24,14.384782129510945,0.146840206055126,8.25439238307606
54.32,14.366158771825136,0.14690327119744104,8.253269318480218
54.4,14.34754581395574,0.14696572437594743,8.252126283229943
54.480000000000004,14.328943398950663,0.147027568304454,8.25096338478503
54.56,14.310351668632991,0.14708880568958843,8.24978073139863
54.64,14.291770763610124,0.14714943923071278,8.248578428866189
54.72,14.273200823282938,0.1472094716198386,8.24735658346033
54.800000000000004,14.254641985854922,0.1472689055415424,8.246115301088972
54.88,14.236094387247363,0.14732774367288068,8.244854687267175
54.96,14.21755816097451,0.14738598868330546,8.24357484711808
55.04,14.199033443575921,0.14744364323457954,8.24227588537381
55.120000000000005,14.180520368293475,0.14750070998069162,8.2409579063764
55.2,14.162019067193384,0.1475571915677718,8.239621014078715
55.28,14.143529671174392,0.1476130906340068,8.23826531204537
55.36,14.12505230997597,0.14766840980955512,8.236890903453645
55.44,14.106587112186547,0.14772315171646255,8.235497891094406
55.52,14.088134205251702,0.14777731955098228,8.234086377373027
55.6,14.069693715482371,0.1478309156314128,8.232656464310308
55.68,14.051265768063065,0.14788394247369202,8.231208253543398
55.76,14.032850487060069,0.14793640269346808,8.229741846326704
55.84,14.014447994881142,0.14798829889968393,8.228257343532816
55.92,13.99605841341326,0.14803963369454684,8.226754846191696
56.0,13.97768186358829,0.14809040967349746,8.225234454329497
56.08,13.959318465024316,0.14814062942517925,8.223696267448732
56.160000000000004,13.940968336257104,0.1481902955314077,8.22214038492944
56.24,13.922631594748106,0.1482394105671396,8.220566905776035
56.32,13.90430835689247,0.14828797710044225,8.218975928618251
56.4,13.88599873802705,0.14833599769246286,8.217367551712103
56.480000000000004,13.867702852438413,0.14838347489739762,8.215741872940857
56.56,13.849420813370852,0.1484304112624612,8.21409898981599
56.64,13.831152733034397,0.1484768093278558,8.212438999478147
56.72,13.812898722580243,0.14852267167314387,8.210761998698105
56.800000000000004,13.794658891351501,0.14856800092839867,8.209068083877739
56.88,13.776433349042422,0.14861279951323653,8.207357351050977
56.96,13.758222203751025,0.14865706994612035,8.205629895884764
57.04,13.740025562576015,0.14870081473880697,8.203885813680028
57.120000000000005,13.721843531624607,0.14874403639633038,8.202125199372638
57.2,13.703676216020323,0.1487867374169845,8.200348147534363
57.28,13.685523719910815,0.14882892029230654,8.1985547525084
57.36,13.667386146475659,0.1488705875070599,8.196745108343995
57.44,13.649263597934164,0.1489117415392171,8.194919308298608
57.52,13.631156175553192,0.1489523848599431,8.193077445510019
57.6,13.613063979654958,0.14899251993357823,8.191219612757507
57.68,13.594987106161751,0.14903214921762106,8.189345902462854
57.76,13.576925650355168,0.1490712751627118,8.18745640669132
57.84,13.558879713696165,0.149109900212615,8.185551217152623
57.92,13.540849392522977,0.1491480268042029,8.183630425201935
58.0,13.522834782264663,0.14918565710067805,8.181694121840849
58.08,13.504835977449892,0.14922279360596125,8.179742397718375
58.160000000000004,13.486853071715759,0.14925943881050163,8.177775343131916
58.24,13.468886157816605,0.1492955951093286,8.175793048028257
58.32,13.45093532763282,0.14933126488953055,8.173795602004548
58.4,13.433000672179645,0.14936645053020955,8.171783094309275
58.480000000000004,13.415082281615993,0.1494011544024359,8.169755613843266
58.56,13.39718024525325,0.1494353788692025,8.167713249160654
58.64,13.37929465156409,0.14946912628537976,8.165656088470682
58.72,13.361425588191285,0.1495023989976698,8.163584219715107
58.800000000000004,13.343573141956508,0.14953519934456122,8.1614977303542
58.88,13.325737398869144,0.14956752965628367,8.15939670756745
58.96,13.30791844413511,0.14959939225476226,8.157281238192725
59.04,13.29011636216565,0.14963078945357236,8.15515140872725
59.120000000000005,13.272331236586151,0.1496617235578938,8.1530073053286
59.2,13.254563150244953,0.14969219684340687,8.150849013815685
59.28,13.23681218522216,0.14972221150237272,8.14867661966974
59.36,13.219078422838441,0.14975176989532407,8.146490208035306
59.44,13.201361943663855,0.14978087428867864,8.144289863721227
59.52,13.183662827526637,0.1498095269399018,8.142075671201626
59.6,13.165981153522033,0.14983773009745108,8.139847714616907
59.68,13.148316982480921,0.14986548600072108,8.137606077774729
59.76,13.130670381152848,0.14989279687998794,8.135350844150993
59.84,13.113041444996377,0.14991966495635403,8.133082096890845
59.92,13.095430249091415,0.1499460924416926,8.130799918809645
60.0,13.07783686775022,0.1499720815385924,8.128504392393962
60.08,13.060261374523808,0.14999763444030242,8.126195599798356
60.160000000000004,13.042703842208384,0.15002275333067647,8.12387362285585
60.24,13.02516434285176,0.15004744038411783,8.12153854307406
60.32,13.00764294775979,0.15007169776552387,8.11919044163408
60.4,12.990139727502777,0.15009552763023074,8.116829399393136
60.480000000000004,12.972654751921905,0.15011893242297714,8.114455496885578
60.56,12.955188090135652,0.15014191426403894,8.112068814323859
60.64,12.937739810546232,0.15016447514153716,8.109669431599533
60.72,12.920309980845992,0.15018661719045479,8.107257428284234
60.800000000000004,12.902898668023859,0.15020834253720192,8.104832883630664
60.88,12.88550593837174,0.15022965329959811,8.102395876573578
60.96,12.868131857490965,0.1502505515868545,8.099946485730783
61.04,12.850776487700124,0.15027103949955584,8.097484789404112
61.120000000000005,12.833439872711741,0.15029111912964283,8.095010865580411
61.2,12.816122093161702,0.15031079256039415,8.092524791932535
61.28,12.798823211240881,0.15033006186640874,8.090026645820332
61.36,12.781543288435884,0.15034892911358783,8.087516504291623
61.44,12.76428238553417,0.1503673963591172,8.084994444118825
61.52,12.747040562629175,0.1503854656514493,8.082460541769919
61.6,12.729817879125445,0.15040313903028546,8.07991487331173
61.68,12.712614393743747,0.1504204185653145,8.07735751455689
61.76,12.695430164526199,0.1504373067772758,8.074788541011136
61.84,12.678265248841388,0.1504538052951716,8.072208027874304
61.92,12.661119703389499,0.150469916143592,8.0696160500413
62.0,12.643993584207443,0.15048564133969294,8.067012682103133
62.08,12.626886946673965,0.15050098289322072,8.064397998347868
62.160000000000004,12.609799845514784,0.15051594280653646,8.061772072761634
62.24,12.592732334807703,0.15053052307464082,8.05913497902962
62.32,12.575684467987745,0.1505447256851984,8.056486790537061
62.4,12.558656297852265,0.15055855261856232,8.053827580370234
62.480000000000004,12.541647873276565,0.15057200584779884,8.05115742131744
62.56,12.524659247282331,0.1505850873387118,8.048476385870016
62.64,12.5076904714626,0.1505977990498672,8.045784546223304
62.72,12.490741595986972,0.15061014293261776,8.043081974277666
62.800000000000004,12.473812670405076,0.1506221209311275,8.040368741635739
62.88,12.456903743651464,0.1506337349823962,8.037644919533673
62.96,12.440014864050543,0.15064498703622362,8.034910579053456
63.04,12.423146079321457,0.15065587902118785,8.032165790922999
63.120000000000005,12.406297436583019,0.15066641283868637,8.02941062558004
63.2,12.389468982358604,0.15067659039878017,8.026645153173108
63.28,12.372660762581072,0.15068641360459017,8.023869443562537
63.36,12.355872822597666,0.1506958843523248,8.021083566321439
63.440000000000005,12.339105207174935,0.15070500453130747,8.018287590736692
63.52,12.322357960503622,0.1507137760240042,8.01548158580994
63.6,12.305631126203599,0.15072220070605122,8.012665620258561
63.68,12.288924747328757,0.15073028044628237,8.009839762516675
63.76,12.272238866371927,0.1507380171067569,8.00700408073612
63.84,12.255573524545651,0.15074541254278678,8.004158642787445
63.92,12.238928762810444,0.15075246860296448,8.001303516260895
64.0,12.222304622725405,0.15075918712919031,7.998438768467399
64.08,12.205701144538526,0.1507655699567002,7.995564466439567
64.16,12.189118367958182,0.15077161891409313,7.99268067693266
64.24,12.172556332157962,0.15077733552567701,7.989787466021646
64.32000000000001,12.156015075781495,0.15078272181681926,7.986884900047331
64.4,12.139494636947266,0.15078777959164735,7.983973045056131
64.48,12.122995053253463,0.15079251064095442,7.981051966686763
64.56,12.10651636178278,0.15079691674825374,7.978121730304487
64.64,12.090058599107257,0.15080099968978328,7.975182401002068
64.72,12.0736218012931,0.15080476123451036,7.972234043600743
64.8,12.057206003905508,0.15080820314413645,7.969276722651171
64.88,12.040811242013508,0.15081132717310167,7.966310502434395
64.96000000000001,12.02443755019476,0.15081413506858943,7.963335446962807
65.04,12.008084962540407,0.15081662857053116,7.9603516199811
65.12,11.991753512659885,0.15081880941161094,7.957359084967234
65.2,11.975443232562755,0.15082067931727008,7.954357905133395
65.28,11.95915414700449,0.15082224000571193,7.9513481434269515
65.36,11.942886294798049,0.15082349318790628,7.948329862531414
65.44,11.926639707390725,0.1508244405232401,7.945303124867399
65.52,11.910414415754353,0.15082508367278127,7.942267992593587
65.6,11.894210450389656,0.15082542437399457,7.939224527261832
65.68,11.878027841330578,0.15082546430489455,7.936172790207741
65.76,11.861866618148627,0.1508252051360043,7.933112843229015
65.84,11.845726809957224,0.150824648530352,7.9300447474196085
65.92,11.829608445416026,0.15082379614346672,7.926968563614683
66.0,11.813511552735276,0.15082264962337524,7.923884352391516
66.08,11.79743615968014,0.15082121061059778,7.920792174070417
66.16,11.781382293575051,0.1508194807381447,7.917692088715641
66.24,11.765349981308043,0.15081746163151247,7.914584156136308
66.32000000000001,11.749339249335096,0.15081515490868,7.911468435887312
66.4,11.733350123684465,0.150812562180105,7.908344987270243
66.48,11.717382629961046,0.15080968504872014,7.905213869334294
66.56,11.701436793350682,0.15080652510992937,7.902075140877184
66.64,11.685512628261199,0.1508030839516041,7.8989288604460635
66.72,11.66961016393577,0.15079936333646965,7.895775086338442
66.8,11.653729426304391,0.15079536473304078,7.892613876603087
66.88,11.637870438521146,0.15079108969161123,7.8894452890409585
66.96000000000001,11.622033223318194,0.15078653977780665,7.886269381083559
67.04,11.606217803009454,0.15078171655023975,7.883086208732094
67.12,11.5904241994943,0.15077662156052243,7.879895830176171
67.2,11.574652434261226,0.15077125635327787,7.876698302211114
67.28,11.558902528391535,0.1507656224661526,7.873493681388618
67.36,11.543174502563028,0.15075972142982877,7.870282024017683
67.44,11.527468377053687,0.15075355476803606,7.8670633861655626
67.52,11.511784171745353,0.15074712399756376,7.8638378236587085
67.6,11.496121906127412,0.15074043062827308,7.86060539208371
67.68,11.480481599300479,0.15073347616310914,7.857366146788249
67.76,11.464863269980082,0.150726262098113,7.854120142882032
67.84,11.449266936500345,0.15071878992243387,7.850867435237745
67.92,11.433692616817675,0.15071106118358207,7.847608078491989
68.0,11.418140324388588,0.15070307746234538,7.844342127046228
68.08,11.402610074249234,0.15069484011744436,7.841069635067738
68.16,11.387101887161101,0.1506863506184445,7.8377906564905455
68.24,11.371615779330504,0.1506776104286254,7.834505245016371
68.32000000000001,11.35615176658725,0.1506686210050093,7.831213454115579
68.4,11.340709864387854,0.1506593837983895,7.827915337028119
68.48,11.325290087818782,0.15064990025335864,7.824610946764468
68.56,11.309892451599644,0.1506401718083373,7.821300336106581
68.64,11.294516970086425,0.15063019989560233,7.817983557608826
68.72,11.279163657274712,0.15061998594131534,7.814660663598938
68.8,11.263832526802902,0.15060953136555097,7.811331706178961
68.88,11.248523591955434,0.15059883758232556,7.807996737226182
68.96000000000001,11.233236865666003,0.1505879059996253,7.804655808394095
69.04,11.217972360520768,0.15057673801943486,7.801308971113323
69.12,11.202730088761609,0.15056533503776579,7.797956276592585
69.2,11.187510062289297,0.15055369839582117,7.794597775819621
69.28,11.172312292666758,0.15054182949989128,7.791233519562148
69.36,11.157136790488623,0.15052972973939882,7.787863558368799
69.44,11.14198356265346,0.150517400485361,7.784487942570069
69.52,11.126852623114111,0.15050484310292467,7.781106715127316
69.60000000000001,11.111743981967406,0.15049205895139586,7.7777199314746
69.68,11.096657648979148,0.1504790493842692,7.774327641749257
69.76,11.081593633587103,0.15046581574925727,7.770929895342129
69.84,11.066551944903944,0.1504523593883203,7.767526741428206
69.92,11.051532591720237,0.15043868163769533,7.764118228967562
70.0,11.03653558250741,0.1504247838279259,7.760704406706265
70.08,11.021560925420701,0.15041066728389133,7.757285323177304
70.16,11.006608628302155,0.15039633332483626,7.753861026701522
70.24,10.991678698683572,0.1503817832644001,7.750431565388528
70.32000000000001,10.976771143789486,0.15036701841064645,7.746996987137615
70.4,10.961885970540129,0.1503520400660925,7.743557339638702
70.48,10.947023185554402,0.15033684952773868,7.740112670373242
70.56,10.932182795152842,0.15032144808709788,7.736663026615147
70.64,10.917364805360592,0.15030583703022493,7.733208455431712
70.72,10.902569221910365,0.15029001763774633,7.729749003684547
70.8,10.887796046593365,0.15027399118488924,7.726284718030486
70.88,10.87304528635882,0.15025775894151133,7.722815644922515
70.96000000000001,10.85831694672141,0.15024132217213007,7.719341830610701
71.04,10.843611032135254,0.15022468204984968,7.7158633211431065
71.12,10.828927546768366,0.15020783955035286,7.712380162366719
71.2,10.814266494505373,0.15019079620594417,7.708892399928371
71.28,10.799627878950268,0.15017355325297171,7.7054000792756625
71.36,10.78501170342915,0.15015611192227935,7.701903245657885
71.44,10.770417970992963,0.1501384734392313,7.698401944126943
71.52,10.75584668442023,0.15012063902373696,7.694896219538286
71.60000000000001,10.741297846219819,0.15010260989027552,7.691386116551812
71.68,10.726771458633642,0.15008438724792056,7.687871679632815
71.76,10.712267523639444,0.15006597230036495,7.684352953052887
71.84,10.697786042953497,0.15004736624594534,7.680829980890856
71.92,10.683327018033383,0.150028570277667,7.677302807033696
72.0,10.6688904500807,0.15000958558322838,7.673771462971309
72.08,10.654476340043825,0.14999041334504581,7.670235998765124
72.16,10.64008468220142,0.14997105474027833,7.666696461093508
72.24,10.625715474407954,0.14995151094085224,7.663152892935941
72.32000000000001,10.61136872298236,0.14993178311348582,7.659605337079456
72.4,10.597044427664203,0.14991187241971404,7.656053836119479
72.48,10.58274258794949,0.1498917800159132,7.652498432460684
72.56,10.568463203093648,0.14987150705332566,7.648939168317827
72.64,10.554206272114508,0.14985105467808457,7.645376085716604
72.72,10.53997179379531,0.14983042403123845,7.6418092264944955
72.8,10.525759766687685,0.14980961624877598,7.638238632301604
72.88,10.511570189114641,0.14978863246165058,7.63466434460151
72.96000000000001,10.497403059173559,0.14976747358509607,7.631086404672116
73.04,10.48325837473918,0.14974614078847986,7.62750485360649
73.12,10.4691361334666,0.14972463528726446,7.623919732313716
73.2,10.455036332794249,0.14970295818712884,7.620331081519736
73.28,10.440958969946887,0.14968111058859299,7.6167389417682
73.36,10.426904041938595,0.14965909358703774,7.613143353421312
73.44,10.412871545575769,0.14963690827272474,7.609544356660674
73.52,10.398861477460091,0.14961455573081622,7.605941991488134
73.60000000000001,10.384873833991545,0.14959203704139476,7.602336297726635
73.68,10.370908611371384,0.1495693532794834,7.598727315021054
73.76,10.356965805605139,0.14954650551506535,7.5951150828390555
73.84,10.343045412505589,0.14952349481310387,7.591499640471939
73.92,10.329147427695768,0.14950032223356216,7.587881027035476
74.0,10.315271846611942,0.1494769888314232,7.584259281470767
74.08,10.30141866450661,0.1494534956567097,7.580634442545081
74.16,10.287587876451486,0.1494298437545038,7.577006548852701
74.24,10.273779477340488,0.14940603416496706,7.573375638815782
74.32000000000001,10.259993461892734,0.1493820679233604,7.569741750685181
74.4,10.246229824655524,0.1493579460600637,7.566104922541315
74.48,10.232488560007342,0.149333669600596,7.5624651813518176
74.56,10.218769624671769,0.14930923956563508,7.558822566658268
74.64,10.205073013149892,0.14928465697103743,7.5551771225905275
74.72,10.191398745921134,0.1492599228278583,7.551528886386469
74.8,10.177746815993764,0.14923503814062664,7.547877895111756
74.88,10.164117216197832,0.14921000389151484,7.5442241856606005
74.96000000000001,10.1505099391879,0.14918482109436645,7.540567794756516
75.04,10.136924977445798,0.14915949074087917,7.536908758953068
75.12,10.123362323283374,0.1491340138180321,7.533247114634636
75.2,10.109821968845232,0.1491083913081053,7.5295828980171615
75.28,10.09630390611149,0.1490826241886994,7.525916145148901
75.36,10.082808126900526,0.14905671343275506,7.522246891911187
75.44,10.069334622871715,0.14903066000857254,7.518575174019173
75.52,10.055883385528194,0.1490044648798312,7.514901027022593
75.60000000000001,10.042454406219598,0.14897812900560906,7.511224486306518
75.68,10.029047676144808,0.14895165334040225,7.507545587092105
75.76,10.015663186354708,0.14892503883414465,7.503864364437351
75.84,10.002300927754924,0.14889828643222744,7.50018085323785
75.92,9.98896089110857,0.14887139707551847,7.49649508822755
76.0,9.975643067039003,0.14884437170038195,7.492807103979497
76.08,9.962347446032574,0.1488172112386979,7.489116934906596
76.16,9.949074018441358,0.14878991661788168,7.485424615262368
76.24,9.93582277448592,0.1487624887609036,7.481730179141697
76.32000000000001,9.922593704258057,0.14873492858630835,7.478033660481589
76.4,9.90938679772354,0.1487072370082346,7.474335093061923
76.48,9.896202044724875,0.14867941493643455,7.470634510506207
76.56,9.883039434984038,0.14865146327629328,7.466931946282331
76.64,9.869898958105223,0.14862338292884855,7.463227433703324
76.72,9.8567806035776,0.14859517482281137,7.459521005928102
76.8,9.843684360778058,0.14856683985657565,7.455812695962229
76.88,9.830610218973943,0.1485383788921325,7.452102536658662
76.96000000000001,9.817558094789854,0.14850979281434554,7.448390554482572
77.04,9.8045279965684,0.14848108250387584,7.444676778983296
77.12,9.79151994962666,0.14845224883720268,7.440961249783976
77.2,9.778533941671489,0.1484232926866438,7.43724399900244
77.28,9.765569960272025,0.14839421492037605,7.433525058602983
77.36,9.752627992861795,0.14836501640245583,7.4298044603970546
77.44,9.739708026740812,0.1483356979928395,7.426082236043931
77.52,9.726810049077681,0.14830626054740392,7.422358417051405
77.60000000000001,9.713934046911707,0.14827670491796702,7.418633034776459
77.68,9.701080007154994,0.14824703195230815,7.414906120425957
77.76,9.688247916594557,0.1482172424941886,7.411177705057319
77.84,9.675437761894413,0.1481873373833722,7.407447819579199
77.92,9.662649529597696,0.1481573174556456,7.403716494752173
78.0,9.649883206128756,0.1481271835428389,7.399983761189424
78.08,9.637138777795263,0.14809693647284622,7.396249649357412
78.16,9.624416230790315,0.14806657706964588,7.392514189576566
78.24,9.611715551194536,0.14803610615332122,7.388777412021958
78.32000000000001,9.59903672497818,0.1480055245400809,7.385039346723987
78.4,9.586379738003245,0.14797483304227937,7.381300023569066
78.48,9.573744576025566,0.14794403246843754,7.377559472300294
78.56,9.561131224696926,0.14791312362326303,7.373817722518143
78.64,9.548539669567147,0.14788210723791934,7.370074803681139
78.72,9.535969896086213,0.14785098416337183,7.366330745106547
78.8,9.523421889606361,0.1478197551948845,7.362585575971038
78.88,9.51089563538419,0.14778842112092877,7.3588393253113935
78.96000000000001,9.498391118582758,0.1477569827262107,7.355092022025166
79.04,9.485908324273696,0.14772544079169056,7.351343694871371
79.12,9.473447237439313,0.14769379609460184,7.34759437247117
79.2,9.461007842974682,0.14766204940847114,7.343844083308544
79.28,9.448590125689766,0.1476302015031371,7.340092855730981
79.36,9.436193998086061,0.1475982531447702,7.336340717950154
79.44,9.423819477772037,0.14756620509589183,7.332587695175387
79.52,9.411466573751959,0.1475340581153939,7.32883380999317
79.60000000000001,9.399135269511472,0.14750181295855816,7.325079096977229
79.68,9.386825548424689,0.14746947037707558,7.321323583706588
79.76,9.374537393755702,0.14743703111906573,7.317567297624445
79.84,9.362270788660096,0.14740449592909627,7.313810266038779
79.92,9.350025716186465,0.14737186554820222,7.3100525161229974
80.0,9.33780215927792,0.14733914071390547,7.306294074916557
